strategy,cores,cs_len_us,total_attempts,total_failures,attempts_per_acquire,virtual_time_us
fixed,1,0.5,200,0,1.00,200.0
exponential,1,0.5,200,0,1.00,200.0
exponential_jitter,1,0.5,200,0,1.00,200.0
fixed,2,0.5,405,5,1.01,200.5
exponential,2,0.5,542,142,1.35,400.0
exponential_jitter,2,0.5,575,175,1.44,388.7
fixed,4,0.5,1317,517,1.65,405.4
exponential,4,0.5,1243,443,1.55,846.0
exponential_jitter,4,0.5,1470,670,1.84,730.4
fixed,8,0.5,9075,7475,5.67,895.0
exponential,8,0.5,2953,1353,1.85,1703.0
exponential_jitter,8,0.5,2882,1282,1.80,1666.2
fixed,16,0.5,37983,34783,11.87,1671.0
exponential,16,0.5,8812,5612,2.75,3301.0
exponential_jitter,16,0.5,8413,5213,2.63,2975.4
fixed,1,10.0,200,0,1.00,4000.0
exponential,1,10.0,200,0,1.00,4000.0
exponential_jitter,1,10.0,200,0,1.00,4000.0
fixed,2,10.0,443,43,1.11,4011.2
exponential,2,10.0,410,10,1.02,4018.0
exponential_jitter,2,10.0,1141,741,2.85,4629.4
fixed,4,10.0,8944,8144,11.18,8011.6
exponential,4,10.0,7208,6408,9.01,8217.0
exponential_jitter,4,10.0,2616,1816,3.27,9386.4
fixed,8,10.0,59978,58378,37.49,16140.8
exponential,8,10.0,30626,29026,19.14,16725.0
exponential_jitter,8,10.0,25503,23903,15.94,17216.8
fixed,16,10.0,359516,356316,112.35,32141.6
exponential,16,10.0,146348,143148,45.73,32785.0
exponential_jitter,16,10.0,76182,72982,23.81,33645.3
fixed,1,200.0,200,0,1.00,80000.0
exponential,1,200.0,200,0,1.00,80000.0
exponential_jitter,1,200.0,200,0,1.00,80000.0
fixed,2,200.0,659,259,1.65,80202.5
exponential,2,200.0,421,21,1.05,80270.0
exponential_jitter,2,200.0,1201,801,3.00,80689.6
fixed,4,200.0,298632,297832,373.29,168634.8
exponential,4,200.0,159533,158733,199.42,160469.0
exponential_jitter,4,200.0,130754,129954,163.44,160993.3
fixed,8,200.0,1853977,1852377,1158.74,321261.7
exponential,8,200.0,630654,629054,394.16,320642.0
exponential_jitter,8,200.0,1187248,1185648,742.03,321185.2
fixed,16,200.0,8773080,8769880,2741.59,641303.0
exponential,16,200.0,4968104,4964904,1552.53,640921.0
exponential_jitter,16,200.0,7260526,7257326,2268.91,640344.9
