case,rows,cols,rank,direct_residual_frobenius,tail_energy_frobenius,abs_difference,relative_difference,stored_values,original_values,compression_ratio,space_saving
rank_one_4x3,4,3,1,6.473657049138938e-16,7.28021923224409e-16,8.065621831051524e-17,0.11078817235789942,8,12,0.6666666666666666,0.33333333333333337
rank_one_4x3,4,3,2,9.867878089448544e-16,9.19102208518069e-17,8.948775880930474e-16,9.736431702584193,16,12,1.3333333333333333,-0.33333333333333326
rank_one_4x3,4,3,3,1.0053497077208614e-15,0.0,1.0053497077208614e-15,0.0,24,12,2.0,-1.0
nearly_singular_5x5,5,5,1,3.1622776601685385,3.162277660168539,4.440892098500626e-16,1.4043333874306094e-16,11,25,0.44,0.56
nearly_singular_5x5,5,5,2,1.0000000000005003,1.0000000000005003,0.0,0.0,22,25,0.88,0.12
nearly_singular_5x5,5,5,3,1.0000000052655186e-06,1.000000005102966e-06,1.6255261059991508e-16,1.6255260977041464e-10,33,25,1.32,-0.32000000000000006
nearly_singular_5x5,5,5,4,9.999965774008865e-11,9.999959224979062e-11,6.549029802671271e-17,6.549056506462889e-07,44,25,1.76,-0.76
nearly_singular_5x5,5,5,5,3.918945744523848e-15,0.0,3.918945744523848e-15,0.0,55,25,2.2,-1.2000000000000002
tall_full_rank_6x3,6,3,1,4.272001872658765,4.272001872658765,0.0,0.0,10,18,0.5555555555555556,0.4444444444444444
tall_full_rank_6x3,6,3,2,1.4999999999999993,1.4999999999999998,4.440892098500626e-16,2.960594732333751e-16,20,18,1.1111111111111112,-0.11111111111111116
tall_full_rank_6x3,6,3,3,1.898773513585258e-15,0.0,1.898773513585258e-15,0.0,30,18,1.6666666666666667,-0.6666666666666667
wide_rank_deficient_3x6,3,6,1,5.385164807134504,5.385164807134506,2.6645352591003757e-15,4.947917760233226e-16,10,18,0.5555555555555556,0.4444444444444444
wide_rank_deficient_3x6,3,6,2,1.9999999999999996,2.0000000000000004,8.881784197001252e-16,4.440892098500625e-16,20,18,1.1111111111111112,-0.11111111111111116
wide_rank_deficient_3x6,3,6,3,7.772552379723074e-15,0.0,7.772552379723074e-15,0.0,30,18,1.6666666666666667,-0.6666666666666667
all_zero_4x3,4,3,1,0.0,0.0,0.0,0.0,8,12,0.6666666666666666,0.33333333333333337
all_zero_4x3,4,3,2,0.0,0.0,0.0,0.0,16,12,1.3333333333333333,-0.33333333333333326
all_zero_4x3,4,3,3,0.0,0.0,0.0,0.0,24,12,2.0,-1.0
