level,channel,seen,kept,actual_rate,target_rate,abs_error,rel_error,ci95_halfwidth,within_ci,target_source
FATAL,auth,7,7,1.0000,1.0000,0.0000,0.0000,0.0000,,forced(错误/关键路径)
FATAL,billing,10,10,1.0000,1.0000,0.0000,0.0000,0.0000,,forced(错误/关键路径)
FATAL,db,6,6,1.0000,1.0000,0.0000,0.0000,0.0000,,forced(错误/关键路径)
FATAL,http,9,9,1.0000,1.0000,0.0000,0.0000,0.0000,,forced(错误/关键路径)
FATAL,worker,9,9,1.0000,1.0000,0.0000,0.0000,0.0000,,forced(错误/关键路径)
ERROR,auth,51,51,1.0000,1.0000,0.0000,0.0000,0.0000,,forced(错误/关键路径)
ERROR,billing,50,50,1.0000,1.0000,0.0000,0.0000,0.0000,,forced(错误/关键路径)
ERROR,db,45,45,1.0000,1.0000,0.0000,0.0000,0.0000,,forced(错误/关键路径)
ERROR,http,54,54,1.0000,1.0000,0.0000,0.0000,0.0000,,forced(错误/关键路径)
ERROR,worker,42,42,1.0000,1.0000,0.0000,0.0000,0.0000,,forced(错误/关键路径)
WARN,auth,757,757,1.0000,1.0000,0.0000,0.0000,0.0000,,forced(错误/关键路径)
WARN,billing,721,595,0.8252,0.8214,0.0039,0.0047,0.0277,True,forced(错误/关键路径)+rule:warn-80pct
WARN,db,696,568,0.8161,0.8193,0.0032,0.0039,0.0288,True,forced(错误/关键路径)+rule:warn-80pct
WARN,http,856,695,0.8119,0.8231,0.0112,0.0136,0.0262,True,forced(错误/关键路径)+rule:warn-80pct
WARN,worker,735,592,0.8054,0.8171,0.0117,0.0143,0.0286,True,forced(错误/关键路径)+rule:warn-80pct
INFO,auth,2401,2401,1.0000,1.0000,0.0000,0.0000,0.0000,,forced(错误/关键路径)
INFO,billing,2448,2079,0.8493,0.8592,0.0099,0.0115,0.0142,True,forced(错误/关键路径)+rule:info-billing-90pct+rule:warn-80pct
INFO,db,2289,1407,0.6147,0.6296,0.0149,0.0237,0.0199,True,forced(错误/关键路径)+rule:info-30pct+rule:warn-80pct
INFO,http,2596,1684,0.6487,0.6562,0.0076,0.0115,0.0184,True,forced(错误/关键路径)+rule:info-30pct+rule:warn-80pct
INFO,worker,2330,1505,0.6459,0.6372,0.0088,0.0137,0.0194,True,forced(错误/关键路径)+rule:info-30pct+rule:warn-80pct
DEBUG,auth,4658,4658,1.0000,1.0000,0.0000,0.0000,0.0000,,forced(错误/关键路径)
DEBUG,billing,4598,3758,0.8173,0.8144,0.0029,0.0036,0.0112,True,forced(错误/关键路径)+rule:debug-5pct+rule:info-billing-90pct+rule:warn-80pct
DEBUG,db,4158,2548,0.6128,0.6153,0.0025,0.0041,0.0148,True,forced(错误/关键路径)+rule:debug-5pct+rule:info-30pct+rule:warn-80pct
DEBUG,http,4950,3331,0.6729,0.6428,0.0301,0.0468,0.0131,False,forced(错误/关键路径)+rule:debug-5pct+rule:info-30pct+rule:warn-80pct
DEBUG,worker,4585,2789,0.6083,0.6155,0.0072,0.0117,0.0141,True,forced(错误/关键路径)+rule:debug-5pct+rule:info-30pct+rule:warn-80pct
