case,wrap_mode,u,v,nearest_value,bilinear_value
texel_center,repeat,0.5,0.5,0.000000,0.000000
texel_center,clamp,0.5,0.5,0.000000,0.000000
texel_center,mirror,0.5,0.5,0.000000,0.000000
texel_center_corner,repeat,3.5,3.5,33.000000,33.000000
texel_center_corner,clamp,3.5,3.5,33.000000,33.000000
texel_center_corner,mirror,3.5,3.5,33.000000,33.000000
integer_u,repeat,1.0,0.5,1.000000,0.500000
integer_u,clamp,1.0,0.5,1.000000,0.500000
integer_u,mirror,1.0,0.5,1.000000,0.500000
integer_uv,repeat,1.0,1.0,11.000000,5.500000
integer_uv,clamp,1.0,1.0,11.000000,5.500000
integer_uv,mirror,1.0,1.0,11.000000,5.500000
exact_boundary_u0,repeat,0.0,0.5,0.000000,1.500000
exact_boundary_u0,clamp,0.0,0.5,0.000000,0.000000
exact_boundary_u0,mirror,0.0,0.5,0.000000,0.000000
exact_boundary_un,repeat,4.0,0.5,0.000000,1.500000
exact_boundary_un,clamp,4.0,0.5,3.000000,3.000000
exact_boundary_un,mirror,4.0,0.5,3.000000,3.000000
exact_boundary_u2n,repeat,8.0,0.5,0.000000,1.500000
exact_boundary_u2n,clamp,8.0,0.5,3.000000,3.000000
exact_boundary_u2n,mirror,8.0,0.5,0.000000,0.000000
negative_center,repeat,-0.5,-0.5,33.000000,33.000000
negative_center,clamp,-0.5,-0.5,0.000000,0.000000
negative_center,mirror,-0.5,-0.5,0.000000,0.000000
negative_quarter,repeat,-0.25,-0.25,33.000000,24.750000
negative_quarter,clamp,-0.25,-0.25,0.000000,0.000000
negative_quarter,mirror,-0.25,-0.25,0.000000,0.000000
negative_integer,repeat,-1.0,-1.0,33.000000,27.500000
negative_integer,clamp,-1.0,-1.0,0.000000,0.000000
negative_integer,mirror,-1.0,-1.0,0.000000,5.500000
negative_far,repeat,-12.75,-12.25,33.000000,25.250000
negative_far,clamp,-12.75,-12.25,0.000000,0.000000
negative_far,mirror,-12.75,-12.25,33.000000,32.750000
beyond_n_quarter,repeat,4.25,0.5,0.000000,0.750000
beyond_n_quarter,clamp,4.25,0.5,3.000000,3.000000
beyond_n_quarter,mirror,4.25,0.5,3.000000,3.000000
beyond_n_half,repeat,4.5,0.5,0.000000,0.000000
beyond_n_half,clamp,4.5,0.5,3.000000,3.000000
beyond_n_half,mirror,4.5,0.5,3.000000,3.000000
huge_repeat_periodic,repeat,1000000000,1000000000.5,0.000000,1.500000
huge_repeat_periodic,clamp,1000000000,1000000000.5,33.000000,33.000000
huge_repeat_periodic,mirror,1000000000,1000000000.5,0.000000,0.000000
huge_negative,repeat,-1000000000.5,0.5,3.000000,3.000000
huge_negative,clamp,-1000000000.5,0.5,0.000000,0.000000
huge_negative,mirror,-1000000000.5,0.5,0.000000,0.000000
