序号	场景	转换前	转换后	命中规则（字符级）
1	数字	共３００人	共300人	３->3[digit] ０->0[digit] ０->0[digit]
2	小数	价格是３．５０元	价格是3.50元	３->3[digit] ５->5[digit] ０->0[digit] ．->.[dot]
3	千分位/时间	共１，０００名，１２：３０出发	共1,000名，12:30出发	１->1[digit] ０->0[digit] ０->0[digit] ０->0[digit] １->1[digit] ２->2[digit] ３->3[digit] ０->0[digit] ，->,[num] ：->:[num]
4	百分号/负号（℃ 无半角对应，保留）	增长５０％，下降－３℃	增长50%，下降-3℃	５->5[digit] ０->0[digit] ３->3[digit] ％->%[num] －->-[num]
5	数字+单位补空格	重量５ｋｇ，距离１０ｋｍ	重量5 kg，距离10 km	５->5[digit] ｋ->k[latin] ｇ->g[latin] １->1[digit] ０->0[digit] ｋ->k[latin] ｍ->m[latin] ∅-> [unit] ∅-> [unit]
6	英文缩写（带点）	来自Ｕ．Ｓ．Ａ．的记者	来自U.S.A.的记者	Ｕ->U[latin] Ｓ->S[latin] Ａ->A[latin] ．->.[dot] ．->.[dot] ．->.[dot]
7	全角拉丁字母	Ａｐｐｌｅ发布ｉＰｈｏｎｅ １６	Apple发布iPhone 16	Ａ->A[latin] ｐ->p[latin] ｐ->p[latin] ｌ->l[latin] ｅ->e[latin] ｉ->i[latin] Ｐ->P[latin] ｈ->h[latin] ｏ->o[latin] ｎ->n[latin] ｅ->e[latin] １->1[digit] ６->6[digit]
8	ASCII 上下文标点	ｈｉ！ｔｈｅｒｅ	hi!there	ｈ->h[latin] ｉ->i[latin] ｔ->t[latin] ｈ->h[latin] ｅ->e[latin] ｒ->r[latin] ｅ->e[latin] ！->![num]
9	数字区间保留全角波浪号	有效期１～１０天	有效期1～10天	１->1[digit] １->1[digit] ０->0[digit]
10	CJK 标点保留	你好，世界。真的！	你好，世界。真的！	（无改动）
11	行首 U+3000 缩进保留，其余转半角	　　首行缩进　正文	　　首行缩进 正文	　-> [space]
12	版本号/编号	版本ｖ１．２，编号Ｎｏ．００１	版本v1.2，编号No.001	ｖ->v[latin] １->1[digit] ２->2[digit] Ｎ->N[latin] ｏ->o[latin] ０->0[digit] ０->0[digit] １->1[digit] ．->.[dot] ．->.[dot]
