flight,t_send_ms,rtt_ms,cwnd,ssthresh,flight_size,lost,event,cwnd_after,t_ack_ms
0,0.00,100.00,1.00,64.00,1,0,slow_start,2.00,100.00
1,100.00,100.00,2.00,64.00,2,0,slow_start,4.00,200.00
2,200.00,100.00,4.00,64.00,4,0,slow_start,8.00,300.00
3,300.00,100.00,8.00,64.00,8,0,slow_start,16.00,400.00
4,400.00,100.00,16.00,64.00,16,0,slow_start,32.00,500.00
5,500.00,100.00,32.00,64.00,32,0,slow_start,64.00,600.00
6,600.00,100.00,64.00,64.00,64,0,cong_avoid,65.00,700.00
7,700.00,100.00,65.00,64.00,65,0,cong_avoid,66.00,800.00
8,800.00,100.00,66.00,64.00,66,1,fast_retransmit,33.00,900.00
9,900.00,100.00,33.00,33.00,33,1,fast_retransmit,16.50,1000.00
10,1000.00,100.00,16.50,16.50,16,2,timeout,1.00,1100.00
11,1100.00,100.00,1.00,8.25,1,0,slow_start,2.00,1200.00
12,1200.00,100.00,2.00,8.25,2,0,slow_start,4.00,1300.00
13,1300.00,100.00,4.00,8.25,4,0,slow_start,8.00,1400.00
14,1400.00,100.00,8.00,8.25,8,0,slow_start,8.25,1500.00
15,1500.00,100.00,8.25,8.25,8,0,cong_avoid,9.25,1600.00
16,1600.00,100.00,9.25,8.25,9,0,cong_avoid,10.25,1700.00
17,1700.00,100.00,10.25,8.25,10,0,cong_avoid,11.25,1800.00
18,1800.00,100.00,11.25,8.25,11,0,cong_avoid,12.25,1900.00
19,1900.00,100.00,12.25,8.25,12,0,cong_avoid,13.25,2000.00
20,2000.00,100.00,13.25,8.25,13,0,cong_avoid,14.25,2100.00
21,2100.00,100.00,14.25,8.25,14,0,cong_avoid,15.25,2200.00
22,2200.00,100.00,15.25,8.25,15,0,cong_avoid,16.25,2300.00
23,2300.00,100.00,16.25,8.25,16,0,cong_avoid,17.25,2400.00
