kind,n,sam_states,brute_distinct,sam_distinct,distinct_match,brute_max_occ,sam_max_occ,max_occ_match
single,0,1,0,0,True,0,0,True
single,1,2,1,1,True,1,1,True
single,2,2,1,1,True,1,1,True
single,3,2,1,1,True,1,1,True
single,5,2,1,1,True,1,1,True
single,8,2,1,1,True,1,1,True
single,13,2,1,1,True,1,1,True
single,21,2,1,1,True,1,1,True
single,34,2,1,1,True,1,1,True
single,55,2,1,1,True,1,1,True
single,89,2,1,1,True,1,1,True
single,144,2,1,1,True,1,1,True
single,233,2,1,1,True,1,1,True
single,377,2,1,1,True,1,1,True
single,610,2,1,1,True,1,1,True
single,1000,2,1,1,True,1,1,True
same,0,1,0,0,True,0,0,True
same,1,2,1,1,True,1,1,True
same,2,3,2,2,True,2,2,True
same,3,4,3,3,True,3,3,True
same,5,6,5,5,True,5,5,True
same,8,9,8,8,True,8,8,True
same,13,14,13,13,True,13,13,True
same,21,22,21,21,True,21,21,True
same,34,35,34,34,True,34,34,True
same,55,56,55,55,True,55,55,True
same,89,90,89,89,True,89,89,True
same,144,145,144,144,True,144,144,True
same,233,234,233,233,True,233,233,True
same,377,378,377,377,True,377,377,True
same,610,611,610,610,True,610,610,True
same,1000,1001,1000,1000,True,1000,1000,True
binary,0,1,0,0,True,0,0,True
binary,1,2,1,1,True,1,1,True
binary,2,3,3,3,True,1,1,True
binary,3,4,3,3,True,3,3,True
binary,5,8,11,11,True,3,3,True
binary,8,13,26,26,True,5,5,True
binary,13,20,65,65,True,10,10,True
binary,21,35,180,180,True,11,11,True
binary,34,55,458,458,True,22,22,True
binary,55,105,1299,1299,True,33,33,True
binary,89,167,3560,3560,True,49,49,True
binary,144,275,9610,9610,True,76,76,True
binary,233,453,25700,25700,True,129,129,True
binary,377,737,68545,68545,True,196,196,True
binary,610,1201,181454,181454,True,326,326,True
binary,1000,1983,491721,491721,True,510,510,True
alpha4,0,1,0,0,True,0,0,True
alpha4,1,2,1,1,True,1,1,True
alpha4,2,3,3,3,True,1,1,True
alpha4,3,4,5,5,True,2,2,True
alpha4,5,7,13,13,True,2,2,True
alpha4,8,10,32,32,True,3,3,True
alpha4,13,19,79,79,True,5,5,True
alpha4,21,34,198,198,True,7,7,True
alpha4,34,54,531,531,True,11,11,True
alpha4,55,85,1423,1423,True,19,19,True
alpha4,89,137,3795,3795,True,26,26,True
alpha4,144,227,10034,10034,True,41,41,True
alpha4,233,370,26568,26568,True,69,69,True
alpha4,377,610,69922,69922,True,113,113,True
alpha4,610,978,184039,184039,True,168,168,True
alpha4,1000,1601,496363,496363,True,274,274,True
pattern,0,1,0,0,True,0,0,True
pattern,1,2,1,1,True,1,1,True
pattern,2,3,3,3,True,1,1,True
pattern,3,4,6,6,True,1,1,True
pattern,5,6,12,12,True,2,2,True
pattern,8,9,21,21,True,3,3,True
pattern,13,14,36,36,True,5,5,True
pattern,21,22,60,60,True,7,7,True
pattern,34,35,99,99,True,12,12,True
pattern,55,56,162,162,True,19,19,True
pattern,89,90,264,264,True,30,30,True
pattern,144,145,429,429,True,48,48,True
pattern,233,234,696,696,True,78,78,True
pattern,377,378,1128,1128,True,126,126,True
pattern,610,611,1827,1827,True,204,204,True
pattern,1000,1001,2997,2997,True,334,334,True
