kind,n,states,states_over_n,bound_2n_minus_1,within_bound,transitions,distinct_substrings,max_occurrence,build_ms
same,1,2,2.0000,2,True,1,1,1,0.004
same,2,3,1.5000,3,True,2,2,2,0.005
same,4,5,1.2500,7,True,4,4,4,0.003
same,8,9,1.1250,15,True,8,8,8,0.002
same,16,17,1.0625,31,True,16,16,16,0.004
same,32,33,1.0312,63,True,32,32,32,0.011
same,64,65,1.0156,127,True,64,64,64,0.018
same,128,129,1.0078,255,True,128,128,128,0.031
same,256,257,1.0039,511,True,256,256,256,0.499
same,512,513,1.0020,1023,True,512,512,512,0.149
same,1024,1025,1.0010,2047,True,1024,1024,1024,0.297
same,2048,2049,1.0005,4095,True,2048,2048,2048,0.601
same,4096,4097,1.0002,8191,True,4096,4096,4096,1.285
same,8192,8193,1.0001,16383,True,8192,8192,8192,2.570
same,16384,16385,1.0001,32767,True,16384,16384,16384,5.409
same,32768,32769,1.0000,65535,True,32768,32768,32768,12.054
same,65536,65537,1.0000,131071,True,65536,65536,65536,25.726
binary,1,2,2.0000,2,True,1,1,1,0.004
binary,2,3,1.5000,3,True,3,3,1,0.005
binary,4,5,1.2500,7,True,7,7,3,0.003
binary,8,13,1.6250,15,True,16,25,5,0.012
binary,16,27,1.6875,31,True,36,98,10,0.008
binary,32,56,1.7500,63,True,74,408,18,0.014
binary,64,117,1.8281,127,True,159,1760,37,0.029
binary,128,244,1.9062,255,True,336,7528,75,0.058
binary,256,500,1.9531,511,True,686,31175,129,0.141
binary,512,1005,1.9629,1023,True,1372,127242,257,0.259
binary,1024,2029,1.9814,2047,True,2809,515784,517,0.595
binary,2048,4071,1.9878,4095,True,5639,2078124,1029,2.357
binary,4096,8171,1.9949,8191,True,11235,8346026,2089,2.508
binary,8192,16355,1.9965,16383,True,22547,33461222,4096,5.497
binary,16384,32743,1.9985,32767,True,45194,134015255,8221,22.531
binary,32768,65508,1.9991,65535,True,90314,536432802,16490,46.594
binary,65536,131037,1.9995,131071,True,180575,2146541180,32893,144.359
alpha4,1,2,2.0000,2,True,1,1,1,0.004
alpha4,2,3,1.5000,3,True,3,3,1,0.006
alpha4,4,5,1.2500,7,True,7,9,2,0.003
alpha4,8,9,1.1250,15,True,13,31,4,0.003
alpha4,16,23,1.4375,31,True,36,120,5,0.008
alpha4,32,50,1.5625,63,True,75,470,12,0.016
alpha4,64,98,1.5312,127,True,150,1944,19,0.029
alpha4,128,200,1.5625,255,True,311,7921,37,0.046
alpha4,256,409,1.5977,511,True,634,32077,65,0.131
alpha4,512,829,1.6191,1023,True,1291,129422,135,0.302
alpha4,1024,1658,1.6191,2047,True,2599,520518,274,0.550
alpha4,2048,3322,1.6221,4095,True,5207,2088590,534,1.145
alpha4,4096,6620,1.6162,8191,True,10401,8369459,1078,2.327
alpha4,8192,13295,1.6229,16383,True,20805,33511868,2061,4.639
alpha4,16384,26626,1.6251,32767,True,41703,134124275,4187,11.334
alpha4,32768,53201,1.6236,65535,True,83303,536667770,8279,23.960
alpha4,65536,106343,1.6227,131071,True,166724,2147044999,16571,81.526
alpha26,1,2,2.0000,2,True,1,1,1,0.005
alpha26,2,3,1.5000,3,True,3,3,1,0.006
alpha26,4,5,1.2500,7,True,7,10,1,0.002
alpha26,8,10,1.2500,15,True,16,35,2,0.005
alpha26,16,18,1.1250,31,True,31,135,2,0.006
alpha26,32,45,1.4062,63,True,74,512,3,0.014
alpha26,64,89,1.3906,127,True,150,2036,6,0.024
alpha26,128,165,1.2891,255,True,289,8142,9,0.044
alpha26,256,318,1.2422,511,True,570,32623,17,0.103
alpha26,512,652,1.2734,1023,True,1157,130676,28,0.174
alpha26,1024,1366,1.3340,2047,True,2379,523263,57,0.388
alpha26,2048,2719,1.3276,4095,True,4750,2094624,101,0.857
alpha26,4096,5210,1.2720,8191,True,9286,8382694,187,2.884
alpha26,8192,10326,1.2605,16383,True,18469,33541131,351,3.561
alpha26,16384,21491,1.3117,32767,True,37741,134187761,665,11.617
alpha26,32768,44240,1.3501,65535,True,76756,536803375,1316,33.874
alpha26,65536,85917,1.3110,131071,True,151185,2147333007,2600,90.364
pattern,1,2,2.0000,2,True,1,1,1,0.005
pattern,2,3,1.5000,3,True,3,3,1,0.006
pattern,4,5,1.2500,7,True,7,10,1,0.003
pattern,8,9,1.1250,15,True,12,30,3,0.004
pattern,16,17,1.0625,31,True,20,78,5,0.005
pattern,32,33,1.0312,63,True,36,174,11,0.008
pattern,64,65,1.0156,127,True,68,366,21,0.016
pattern,128,129,1.0078,255,True,132,750,43,0.026
pattern,256,257,1.0039,511,True,260,1518,85,0.048
pattern,512,513,1.0020,1023,True,516,3054,171,0.111
pattern,1024,1025,1.0010,2047,True,1028,6126,341,0.222
pattern,2048,2049,1.0005,4095,True,2052,12270,683,0.497
pattern,4096,4097,1.0002,8191,True,4100,24558,1365,1.104
pattern,8192,8193,1.0001,16383,True,8196,49134,2731,2.002
pattern,16384,16385,1.0001,32767,True,16388,98286,5461,6.024
pattern,32768,32769,1.0000,65535,True,32772,196590,10923,8.255
pattern,65536,65537,1.0000,131071,True,65540,393198,21845,26.396
