scenario,null_ratio,rows,row_bytes,columnar_bytes,ratio_col_over_row,saving_pct,row_zlib_bytes,columnar_zlib_bytes,zlib_ratio
int_0_99,0.0,20000,178094,64035,0.3596,64.04,26924,22627,0.8404
int_0_99,0.1,20000,182256,59403,0.3259,67.41,27398,22269,0.8128
int_0_99,0.2,20000,186481,54520,0.2924,70.76,26692,20797,0.7791
int_0_99,0.3,20000,190483,49694,0.2609,73.91,25425,19249,0.7571
int_0_99,0.4,20000,194707,44511,0.2286,77.14,23676,17468,0.7378
int_0_99,0.5,20000,199171,38799,0.1948,80.52,21089,15366,0.7286
int_0_99,0.6,20000,203235,33554,0.1651,83.49,18467,13184,0.7139
int_0_99,0.7,20000,207530,27986,0.1349,86.51,15025,10727,0.7139
int_0_99,0.8,20000,211687,22339,0.1055,89.45,11158,8078,0.724
int_0_99,0.9,20000,215735,16923,0.0784,92.16,6781,5102,0.7524
int_0_99,0.95,20000,217781,14104,0.0648,93.52,4112,3275,0.7964
int_0_99,0.99,20000,219627,11404,0.0519,94.81,1172,1061,0.9053
int_0_99,1.0,20000,220001,10144,0.0461,95.39,467,139,0.2976
str_4_values,0.0,20000,275005,45212,0.1644,83.56,10371,7297,0.7036
str_4_values,0.1,20000,269488,42348,0.1571,84.29,11843,8537,0.7208
str_4_values,0.2,20000,263829,39238,0.1487,85.13,12091,8799,0.7277
str_4_values,0.3,20000,258458,35984,0.1392,86.08,11985,8739,0.7292
str_4_values,0.4,20000,253114,32746,0.1294,87.06,11589,8433,0.7277
str_4_values,0.5,20000,247651,29211,0.118,88.2,10956,7863,0.7177
str_4_values,0.6,20000,242093,25583,0.1057,89.43,9868,7062,0.7156
str_4_values,0.7,20000,236497,21816,0.0922,90.78,8453,6056,0.7164
str_4_values,0.8,20000,230753,17839,0.0773,92.27,6552,4657,0.7108
str_4_values,0.9,20000,225330,14063,0.0624,93.76,4483,3054,0.6812
str_4_values,0.95,20000,222675,12143,0.0545,94.55,2967,1996,0.6727
str_4_values,0.99,20000,220639,10674,0.0484,95.16,1188,836,0.7037
str_4_values,1.0,20000,220001,10144,0.0461,95.39,467,139,0.2976
