null_ratio,null_count,encoding,row_store_bytes,columnar_bytes,compression_ratio
0.00,0,dict,550000,31129,17.668
0.05,2485,dict,557455,29992,18.587
0.10,5004,dict,565012,28780,19.632
0.15,7422,dict,572266,27604,20.731
0.20,10310,dict,580930,26243,22.137
0.25,12461,dict,587383,25173,23.334
0.30,15147,dict,595441,23869,24.946
0.35,17519,dict,602557,22727,26.513
0.40,19995,dict,609985,21450,28.438
0.45,22364,dict,617092,20321,30.367
0.50,24927,dict,624781,19046,32.804
0.55,27479,dict,632437,17783,35.564
0.60,30023,dict,640069,16569,38.631
0.65,32593,dict,647779,15237,42.514
0.70,35044,dict,655132,14023,46.718
0.75,37535,dict,662605,12760,51.928
0.80,39986,dict,669958,11565,57.930
0.85,42417,dict,677251,10312,65.676
0.90,45016,dict,685048,9026,75.897
0.95,47494,dict,692482,7744,89.422
1.00,50000,plain,700000,6447,108.578
