seq,old,new,reason,latency_ms,ema_ms,fail_pct,t_ms
1,255,210,slowdown,242.25,242.25,0.0,242.2
2,210,210,hold,203.0,226.55,0.0,445.2
3,210,210,hold,206.5,218.53,0.0,651.7
4,210,210,hold,210.0,215.12,0.0,861.7
5,210,210,hold,213.5,214.47,0.0,1075.2
6,210,210,hold,217.0,215.48,0.0,1292.2
7,210,210,hold,220.5,217.49,0.0,1512.7
8,210,210,hold,199.5,210.29,0.0,1712.2
9,210,210,hold,203.0,207.38,0.0,1915.2
10,210,210,hold,206.5,207.03,0.0,2121.8
11,210,210,hold,210.0,208.22,0.0,2331.8
12,210,210,hold,213.5,210.33,0.0,2545.2
13,210,210,hold,217.0,213.0,0.0,2762.2
14,210,210,hold,220.5,216.0,0.0,2982.8
15,210,210,hold,199.5,209.4,0.0,3182.2
16,210,210,hold,203.0,206.84,0.0,3385.2
17,210,210,hold,206.5,206.7,0.0,3591.8
18,210,210,hold,210.0,208.02,0.0,3801.7
19,210,210,hold,213.5,210.21,0.0,4015.2
20,210,210,hold,217.0,212.93,0.0,4232.2
21,210,210,hold,220.5,215.96,0.0,4452.8
22,210,210,hold,199.5,209.37,0.0,4652.2
23,210,210,hold,203.0,206.82,0.0,4855.2
24,210,210,hold,206.5,206.69,0.0,5061.8
25,210,210,hold,210.0,208.02,0.0,5271.8
26,210,210,hold,213.5,210.21,0.0,5485.2
27,210,210,hold,217.0,212.93,0.0,5702.2
28,210,210,hold,220.5,215.96,0.0,5922.8
29,210,210,hold,199.5,209.37,0.0,6122.2
30,210,210,hold,203.0,206.82,0.0,6325.2
31,210,210,hold,206.5,206.69,0.0,6531.8
32,210,210,hold,210.0,208.02,0.0,6741.8
33,210,210,hold,213.5,210.21,0.0,6955.2
34,210,210,hold,217.0,212.93,0.0,7172.2
35,210,210,hold,220.5,215.96,0.0,7392.7
36,210,210,hold,199.5,209.37,0.0,7592.2
37,210,210,hold,203.0,206.82,0.0,7795.2
38,210,210,hold,206.5,206.69,0.0,8001.7
39,210,210,hold,210.0,208.02,0.0,8211.8
40,210,210,hold,213.5,210.21,0.0,8425.2
41,210,105,failures,217.0,212.93,12.0,8642.2
42,105,52,failures,110.25,171.86,19.39,8752.5
43,52,26,failures,49.4,122.87,23.94,8801.9
44,26,13,failures,25.13,83.78,26.67,8827.0
45,13,10,failures,12.78,55.38,28.31,8839.8
46,10,10,hold,10.0,37.23,28.99,8849.8
47,10,10,hold,10.17,26.4,29.39,8860.0
48,10,10,hold,10.33,19.98,29.64,8870.3
49,10,10,hold,10.5,16.19,29.78,8880.8
50,10,10,hold,9.5,13.51,29.87,8890.3
51,10,10,hold,9.67,11.97,29.92,8900.0
52,10,10,hold,9.83,11.12,29.95,8909.8
53,10,10,hold,10.0,10.67,29.97,8919.8
54,10,10,hold,10.17,10.47,29.98,8930.0
55,10,10,hold,10.33,10.41,29.99,8940.3
56,10,10,hold,10.5,10.45,29.99,8950.8
57,10,10,hold,9.5,10.07,30.0,8960.3
58,10,10,hold,9.67,9.91,30.0,8970.0
59,10,10,hold,9.83,9.88,30.0,8979.8
60,10,10,hold,10.0,9.93,30.0,8989.8
61,10,10,hold,10.17,10.02,30.0,9000.0
62,10,10,hold,10.33,10.15,30.0,9010.3
63,10,10,hold,10.5,10.29,30.0,9020.8
64,10,10,hold,9.5,9.97,30.0,9030.3
65,10,10,hold,9.67,9.85,30.0,9040.0
66,10,10,hold,9.83,9.84,30.0,9049.8
67,10,10,hold,10.0,9.91,30.0,9059.8
68,10,10,hold,10.17,10.01,30.0,9070.0
69,10,10,hold,10.33,10.14,30.0,9080.3
70,10,10,hold,10.5,10.28,30.0,9090.8
71,10,10,hold,9.5,9.97,30.0,9100.3
72,10,10,hold,9.67,9.85,30.0,9110.0
73,10,10,hold,9.83,9.84,30.0,9119.8
74,10,10,hold,10.0,9.91,30.0,9129.8
75,10,10,hold,10.17,10.01,30.0,9140.0
76,10,10,hold,10.33,10.14,30.0,9150.3
77,10,10,hold,10.5,10.28,30.0,9160.8
78,10,10,hold,9.5,9.97,30.0,9170.3
79,10,10,hold,9.67,9.85,30.0,9180.0
80,10,10,hold,9.83,9.84,30.0,9189.8
81,10,10,hold,10.0,9.91,30.0,9199.8
82,10,10,hold,10.17,10.01,30.0,9210.0
83,10,10,hold,10.33,10.14,30.0,9220.3
84,10,10,hold,10.5,10.28,30.0,9230.8
85,10,10,hold,9.5,9.97,30.0,9240.3
86,10,10,hold,9.67,9.85,30.0,9250.0
87,10,10,hold,9.83,9.84,30.0,9259.8
88,10,10,hold,10.0,9.91,30.0,9269.8
89,10,10,hold,10.17,10.01,30.0,9280.0
90,10,10,hold,10.33,10.14,30.0,9290.3
91,10,10,hold,10.5,10.28,30.0,9300.8
92,10,10,hold,9.5,9.97,30.0,9310.3
93,10,10,hold,9.67,9.85,30.0,9320.0
94,10,10,hold,9.83,9.84,30.0,9329.8
95,10,10,hold,10.0,9.91,30.0,9339.8
96,10,10,hold,10.17,10.01,30.0,9350.0
97,10,10,hold,10.33,10.14,30.0,9360.3
98,10,10,hold,10.5,10.28,30.0,9370.8
99,10,10,hold,9.5,9.97,30.0,9380.3
100,10,10,hold,9.67,9.85,30.0,9390.0
101,10,10,hold,9.83,9.84,30.0,9399.8
102,10,10,hold,10.0,9.91,30.0,9409.8
103,10,10,hold,10.17,10.01,30.0,9420.0
104,10,10,hold,10.33,10.14,30.0,9430.3
105,10,10,hold,10.5,10.28,30.0,9440.8
106,10,10,hold,9.5,9.97,30.0,9450.3
107,10,10,hold,9.67,9.85,30.0,9460.0
108,10,10,hold,9.83,9.84,30.0,9469.8
109,10,10,hold,10.0,9.91,30.0,9479.8
110,10,10,hold,10.17,10.01,30.0,9490.0
111,10,10,hold,10.33,10.14,30.0,9500.3
112,10,10,hold,10.5,10.28,30.0,9510.8
113,10,10,hold,9.5,9.97,30.0,9520.3
114,10,10,hold,9.67,9.85,30.0,9530.0
115,10,10,hold,9.83,9.84,30.0,9539.8
116,10,10,hold,10.0,9.91,30.0,9549.8
117,10,10,hold,10.17,10.01,30.0,9560.0
118,10,10,hold,10.33,10.14,30.0,9570.3
119,10,10,hold,10.5,10.28,30.0,9580.8
120,10,10,hold,9.5,9.97,30.0,9590.3
