char	pinyin_numbered	pinyin_tone	pinyin_plain
一	yi1	yī	yi
三	san1	sān	san
上	shang4	shàng	shang
不	bu4	bù	bu
与	yu3	yǔ	yu
与	yu4	yù	yu
业	ye4	yè	ye
丢	diu1	diū	diu
丧	sang1	sāng	sang
丧	sang4	sàng	sang
个	ge4	gè	ge
中	zhong1	zhōng	zhong
中	zhong4	zhòng	zhong
为	wei2	wéi	wei
为	wei4	wèi	wei
么	me5	me	me
乎	hu1	hū	hu
乐	le4	lè	le
乐	yue4	yuè	yue
乘	cheng2	chéng	cheng
乘	sheng4	shèng	sheng
书	shu1	shū	shu
乳	ru3	rǔ	ru
予	yu3	yǔ	yu
事	shi4	shì	shi
亮	liang5	liang	liang
人	ren2	rén	ren
什	shen2	shén	shen
什	shi2	shí	shi
代	dai4	dài	dai
份	fen4	fèn	fen
会	hui4	huì	hui
会	kuai4	kuài	kuai
传	chuan2	chuán	chuan
传	zhuan4	zhuàn	zhuan
似	si4	sì	si
似	shi4	shì	shi
体	ti3	tǐ	ti
作	zuo4	zuò	zuo
作	zuo1	zuō	zuo
便	bian4	biàn	bian
便	pian2	pián	pian
信	xin4	xìn	xin
倒	dao3	dǎo	dao
倒	dao4	dào	dao
倔	jue2	jué	jue
假	jia3	jiǎ	jia
假	jia4	jià	jia
关	guan1	guān	guan
兴	xing1	xīng	xing
兴	xing4	xìng	xing
其	qi2	qí	qi
军	jun1	jūn	jun
冠	guan1	guān	guan
冠	guan4	guàn	guan
冲	chong1	chōng	chong
冲	chong4	chòng	chong
决	jue2	jué	jue
净	jing4	jìng	jing
几	ji3	jǐ	ji
几	ji1	jī	ji
凶	xiong1	xiōng	xiong
出	chu1	chū	chu
刀	dao1	dāo	dao
分	fen1	fēn	fen
分	fen4	fèn	fen
切	qie1	qiē	qie
切	qie4	qiè	qie
别	bie2	bié	bie
到	dao4	dào	dao
制	zhi4	zhì	zhi
力	li4	lì	li
加	jia1	jiā	jia
动	dong4	dòng	dong
勉	mian3	miǎn	mian
包	bao1	bāo	bao
北	bei3	běi	bei
千	qian1	qiān	qian
半	ban4	bàn	ban
华	hua2	huá	hua
华	hua4	huà	hua
卡	ka3	kǎ	ka
卡	qia3	qiǎ	qia
卷	juan4	juàn	juan
卷	juan3	juǎn	juan
厌	yan4	yàn	yan
参	can1	cān	can
参	shen1	shēn	shen
参	cen1	cēn	cen
反	fan3	fǎn	fan
发	fa1	fā	fa
发	fa4	fà	fa
古	gu3	gǔ	gu
只	zhi3	zhǐ	zhi
只	zhi1	zhī	zhi
名	ming2	míng	ming
后	hou4	hòu	hou
吐	tu3	tǔ	tu
吐	tu4	tù	tu
吓	xia4	xià	xia
吓	he4	hè	he
吞	tun1	tūn	tun
启	qi3	qǐ	qi
呕	ou3	ǒu	ou
呜	wu1	wū	wu
和	he2	hé	he
和	he4	hè	he
和	huo2	huó	huo
和	huo4	huò	huo
咽	yan1	yān	yan
咽	yan4	yàn	yan
咽	ye4	yè	ye
喉	hou2	hóu	hou
喝	he1	hē	he
喝	he4	hè	he
喷	pen1	pēn	pen
喷	pen4	pèn	pen
四	si4	sì	si
回	hui2	huí	hui
因	yin1	yīn	yin
困	kun4	kùn	kun
圆	yuan2	yuán	yuan
圈	quan1	quān	quan
圈	juan4	juàn	juan
土	tu3	tǔ	tu
地	di4	dì	di
地	de5	de	de
场	chang3	chǎng	chang
场	chang2	cháng	chang
坊	fang5	fang	fang
型	xing2	xíng	xing
埋	mai2	mái	mai
埋	man2	mán	man
处	chu3	chǔ	chu
处	chu4	chù	chu
多	duo1	duō	duo
大	da4	dà	da
大	dai4	dài	dai
天	tian1	tiān	tian
夫	fu1	fū	fu
夫	fu5	fu	fu
失	shi1	shī	shi
头	tou2	tóu	tou
奇	qi2	qí	qi
奇	ji1	jī	ji
奋	fen4	fèn	fen
好	hao3	hǎo	hao
好	hao4	hào	hao
子	zi3	zǐ	zi
子	zi5	zi	zi
学	xue2	xué	xue
宁	ning2	níng	ning
宁	ning4	nìng	ning
守	shou3	shǒu	shou
安	an1	ān	an
宜	yi5	yi	yi
实	shi5	shi	shi
家	jia1	jiā	jia
宽	kuan1	kuān	kuan
宿	su4	sù	su
宿	xiu3	xiǔ	xiu
宿	xiu4	xiù	xiu
对	dui4	duì	dui
将	jiang1	jiāng	jiang
将	jiang4	jiàng	jiang
少	shao3	shǎo	shao
少	shao4	shào	shao
尽	jin4	jìn	jin
尽	jin3	jǐn	jin
山	shan1	shān	shan
工	gong1	gōng	gong
差	cha1	chā	cha
差	cha4	chà	cha
差	chai1	chāi	chai
差	ci1	cī	ci
带	dai4	dài	dai
干	gan1	gān	gan
干	gan4	gàn	gan
平	ping2	píng	ping
年	nian2	nián	nian
广	guang3	guǎng	guang
庆	qing4	qìng	qing
床	chuang2	chuáng	chuang
应	ying1	yīng	ying
应	ying4	yìng	ying
店	dian4	diàn	dian
度	du4	dù	du
度	duo2	duó	duo
开	kai1	kāi	kai
弯	wan1	wān	wan
弹	dan4	dàn	dan
弹	tan2	tán	tan
强	qiang2	qiáng	qiang
强	qiang3	qiǎng	qiang
强	jiang4	jiàng	jiang
归	gui1	guī	gui
当	dang1	dāng	dang
当	dang4	dàng	dang
彩	cai3	cǎi	cai
待	dai4	dài	dai
待	dai1	dāi	dai
得	de5	de	de
得	de2	dé	de
得	dei3	děi	dei
心	xin1	xīn	xin
快	kuai4	kuài	kuai
急	ji2	jí	ji
怨	yuan4	yuàn	yuan
怪	guai4	guài	guai
总	zong3	zǒng	zong
恐	kong3	kǒng	kong
恶	e4	è	e
恶	wu4	wù	wu
恶	e3	ě	e
感	gan3	gǎn	gan
愿	yuan4	yuàn	yuan
慢	man4	màn	man
成	cheng2	chéng	cheng
战	zhan4	zhàn	zhan
手	shou3	shǒu	shou
扎	zha1	zhā	zha
扎	za1	zā	za
扎	zha2	zhá	zha
打	da3	dǎ	da
投	tou2	tóu	tou
折	zhe2	zhé	zhe
折	she2	shé	she
折	zhe1	zhē	zhe
押	ya1	yā	ya
挑	tiao1	tiāo	tiao
挑	tiao3	tiǎo	tiao
挣	zheng1	zhēng	zheng
掉	diao4	diào	diao
提	ti2	tí	ti
提	di1	dī	di
揣	chuai3	chuǎi	chuai
搏	bo2	bó	bo
摔	shuai1	shuāi	shuai
放	fang4	fàng	fang
效	xiao4	xiào	xiao
教	jiao4	jiào	jiao
教	jiao1	jiāo	jiao
散	san4	sàn	san
散	san3	sǎn	san
数	shu4	shù	shu
数	shu3	shǔ	shu
文	wen2	wén	wen
斗	dou4	dòu	dou
斗	dou3	dǒu	dou
料	liao4	liào	liao
断	duan4	duàn	duan
新	xin1	xīn	xin
方	fang1	fāng	fang
时	shi2	shí	shi
星	xing1	xīng	xing
是	shi4	shì	shi
晕	yun1	yūn	yun
晕	yun4	yùn	yun
曲	qu1	qū	qu
曲	qu3	qǔ	qu
更	geng1	gēng	geng
更	geng4	gèng	geng
曾	ceng2	céng	ceng
曾	zeng1	zēng	zeng
月	yue4	yuè	yue
有	you3	yǒu	you
服	fu2	fú	fu
朝	chao2	cháo	chao
朝	zhao1	zhāo	zhao
未	wei4	wèi	wei
本	ben3	běn	ben
束	shu4	shù	shu
枕	zhen3	zhěn	zhen
林	lin2	lín	lin
查	cha2	chá	cha
校	xiao4	xiào	xiao
校	jiao4	jiào	jiao
样	yang4	yàng	yang
根	gen1	gēn	gen
模	mo2	mó	mo
模	mu2	mú	mu
歌	ge1	gē	ge
正	zheng4	zhèng	zheng
正	zheng1	zhēng	zheng
步	bu4	bù	bu
气	qi4	qì	qi
水	shui3	shuǐ	shui
求	qiu2	qiú	qiu
沙	sha1	shā	sha
没	mei2	méi	mei
没	mo4	mò	mo
泉	quan2	quán	quan
活	huo2	huó	huo
流	liu2	liú	liu
测	ce4	cè	ce
浮	fu2	fú	fu
涨	zhang3	zhǎng	zhang
涨	zhang4	zhàng	zhang
液	ye4	yè	ye
淹	yan1	yān	yan
温	wen1	wēn	wen
游	you2	yóu	you
漂	piao1	piāo	piao
漂	piao4	piào	piao
漂	piao3	piǎo	piao
灾	zai1	zāi	zai
炮	pao4	pào	pao
炮	pao2	páo	pao
照	zhao4	zhào	zhao
熟	shu2	shú	shu
熟	shou2	shóu	shou
爱	ai4	ài	ai
片	pian4	piàn	pian
片	pian1	piān	pian
牧	mu4	mù	mu
牲	sheng1	shēng	sheng
率	lü4	lǜ	lü
率	shuai4	shuài	shuai
现	xian4	xiàn	xian
理	li3	lǐ	li
琴	qin2	qín	qin
瓦	wa3	wǎ	wa
瓦	wa4	wà	wa
生	sheng1	shēng	sheng
畜	xu4	xù	xu
畜	chu4	chù	chu
痰	tan2	tán	tan
白	bai2	bái	bai
的	de5	de	de
的	di2	dí	di
的	di4	dì	di
盛	sheng4	shèng	sheng
盛	cheng2	chéng	cheng
目	mu4	mù	mu
相	xiang1	xiāng	xiang
相	xiang4	xiàng	xiang
省	sheng3	shěng	sheng
省	xing3	xǐng	xing
看	kan4	kàn	kan
看	kan1	kān	kan
真	zhen1	zhēn	zhen
着	zhe5	zhe	zhe
着	zhuo2	zhuó	zhuo
着	zhao2	zháo	zhao
着	zhao1	zhāo	zhao
睡	shui4	shuì	shui
石	shi2	shí	shi
研	yan2	yán	yan
确	que4	què	que
祖	zu3	zǔ	zu
种	zhong3	zhǒng	zhong
种	zhong4	zhòng	zhong
称	cheng1	chēng	cheng
称	chen4	chèn	chen
空	kong1	kōng	kong
空	kong4	kòng	kong
等	deng3	děng	deng
答	da2	dá	da
答	da1	dā	da
管	guan3	guǎn	guan
系	xi4	xì	xi
系	ji4	jì	ji
红	hong2	hóng	hong
纤	xian1	xiān	xian
纤	qian4	qiàn	qian
经	jing1	jīng	jing
结	jie2	jié	jie
结	jie1	jiē	jie
给	gei3	gěi	gei
给	ji3	jǐ	ji
维	wei2	wéi	wei
绿	lü4	lǜ	lü
绿	lu4	lù	lu
羊	yang2	yáng	yang
肥	fei2	féi	fei
育	yu4	yù	yu
胖	pang4	pàng	pang
胖	pan2	pán	pan
脉	mai4	mài	mai
脉	mo4	mò	mo
腾	teng5	teng	teng
臭	chou4	chòu	chou
臭	xiu4	xiù	xiu
舍	she4	shè	she
船	chuan2	chuán	chuan
色	se4	sè	se
色	shai3	shǎi	shai
节	jie2	jié	jie
茂	mao4	mào	mao
药	yao4	yào	yao
落	luo4	luò	luo
落	la4	là	la
落	lao4	lào	lao
蒙	meng2	méng	meng
蒙	meng1	mēng	meng
蒙	meng3	měng	meng
血	xue4	xuè	xue
血	xie3	xiě	xie
行	xing2	xíng	xing
行	hang2	háng	hang
要	yao4	yào	yao
要	yao1	yāo	yao
见	jian4	jiàn	jian
觉	jue2	jué	jue
觉	jiao4	jiào	jiao
角	jiao3	jiǎo	jiao
角	jue2	jué	jue
解	jie3	jiě	jie
解	jie4	jiè	jie
计	ji4	jì	ji
讨	tao3	tǎo	tao
议	yi4	yì	yi
记	ji4	jì	ji
论	lun4	lùn	lun
论	lun2	lún	lun
试	shi4	shì	shi
该	gai1	gāi	gai
语	yu3	yǔ	yu
说	shuo1	shuō	shuo
说	shui4	shuì	shui
调	tiao2	tiáo	tiao
调	diao4	diào	diao
谍	die2	dié	die
起	qi3	qǐ	qi
路	lu4	lù	lu
踏	ta4	tà	ta
踏	ta1	tā	ta
身	shen1	shēn	shen
车	che1	chē	che
转	zhuan3	zhuǎn	zhuan
转	zhuan4	zhuàn	zhuan
载	zai3	zǎi	zai
载	zai4	zài	zai
还	hai2	hái	hai
还	huan2	huán	huan
送	song4	sòng	song
遂	sui4	suì	sui
遂	sui2	suí	sui
都	dou1	dōu	dou
都	du1	dū	du
重	zhong4	zhòng	zhong
重	chong2	chóng	chong
量	liang4	liàng	liang
量	liang2	liáng	liang
钻	zuan1	zuān	zuan
钻	zuan4	zuàn	zuan
银	yin2	yín	yin
铺	pu4	pù	pu
铺	pu1	pū	pu
锋	feng1	fēng	feng
长	chang2	cháng	chang
长	zhang3	zhǎng	zhang
间	jian1	jiān	jian
间	jian4	jiàn	jian
防	fang2	fáng	fang
阳	yang2	yáng	yang
附	fu4	fù	fu
降	jiang4	jiàng	jiang
降	xiang2	xiáng	xiang
院	yuan4	yuàn	yuan
难	nan2	nán	nan
难	nan4	nàn	nan
面	mian4	miàn	mian
鞋	xie2	xié	xie
音	yin1	yīn	yin
领	ling3	lǐng	ling
题	ti2	tí	ti
颜	yan2	yán	yan
饭	fan4	fàn	fan
饮	yin3	yǐn	yin
饮	yin4	yìn	yin
首	shou3	shǒu	shou
香	xiang1	xiāng	xiang
马	ma3	mǎ	ma
高	gao1	gāo	gao
鲜	xian1	xiān	xian
鲜	xian3	xiǎn	xian
鸡	ji1	jī	ji
