curve,degree,tolerance,segments,points,max_deviation,worst_t,ratio
cubic_arch,3,0.1,4,5,0.046775633034547244,0.37109375,0.4677563303454724
cubic_arch,3,0.05,8,9,0.011716882222062743,0.4375,0.23433764444125485
cubic_arch,3,0.02,8,9,0.011716882222062743,0.4375,0.5858441111031372
cubic_arch,3,0.01,16,17,0.0029296578527438395,0.46875,0.29296578527438394
cubic_arch,3,0.005,16,17,0.0029296578527438395,0.46875,0.5859315705487679
cubic_arch,3,0.002,32,33,0.0007324214099449076,0.484375,0.3662107049724538
cubic_arch,3,0.001,32,33,0.0007324214099449076,0.484375,0.7324214099449076
cubic_arch,3,0.0005,64,65,0.00018310546147637643,0.4921875,0.36621092295275287
cubic_arch,3,0.0002,128,129,4.577636707378598e-05,0.50390625,0.2288818353689299
cubic_arch,3,0.0001,128,129,4.577636707378598e-05,0.50390625,0.4577636707378598
cubic_arch,3,5e-05,256,257,1.1444091795098679e-05,0.498046875,0.22888183590197356
cubic_cusp,3,0.1,6,7,0.023181770144746115,0.185546875,0.23181770144746114
cubic_cusp,3,0.05,6,7,0.023181770144746115,0.185546875,0.4636354028949223
cubic_cusp,3,0.02,12,13,0.008619478568113851,0.30859375,0.43097392840569254
cubic_cusp,3,0.01,14,15,0.005973959950878905,0.15625,0.5973959950878905
cubic_cusp,3,0.005,20,21,0.003339324618133057,0.96875,0.6678649236266114
cubic_cusp,3,0.002,30,31,0.0014371281690106566,0.140625,0.7185640845053283
cubic_cusp,3,0.001,48,49,0.0006103795619330203,0.703125,0.6103795619330202
cubic_cusp,3,0.0005,54,55,0.0003704329242792452,0.8203125,0.7408658485584904
cubic_cusp,3,0.0002,98,99,0.0001422198208667669,0.3046875,0.7110991043338345
cubic_cusp,3,0.0001,140,141,7.3205335250997e-05,0.90234375,0.73205335250997
cubic_cusp,3,5e-05,196,197,3.681261245761871e-05,0.69921875,0.7362522491523742
degree9_sin,9,0.1,6,7,0.03878258553397627,0.5989583333333334,0.38782585533976266
degree9_sin,9,0.05,6,7,0.03878258553397627,0.5989583333333334,0.7756517106795253
degree9_sin,9,0.02,14,15,0.010705994844990668,0.8450520833333334,0.5352997422495334
degree9_sin,9,0.01,18,19,0.006715750859216683,0.46875,0.6715750859216684
degree9_sin,9,0.005,22,23,0.003618242513642099,0.7838541666666666,0.7236485027284199
degree9_sin,9,0.002,38,39,0.0014639895319897211,0.546875,0.7319947659948606
degree9_sin,9,0.001,50,51,0.00079218970277788,0.1328125,0.79218970277788
degree9_sin,9,0.0005,72,73,0.0004449865898817323,0.5234375,0.8899731797634646
cubic_arch,3,1e-07,4096,4097,4.470348363549426e-08,0.0,0.4470348363549426
cubic_arch,3,1e-08,16384,16385,2.7939677967690033e-09,0.0,0.2793967796769003
