scenario,method,converged,iterations,final_rel_residual,final_abs_residual,message
情形1 对角占优(2D Laplacian),无预处理,True,22,8.363907e-09,1.866138e-07,残差判据满足
情形1 对角占优(2D Laplacian),Jacobi,True,21,6.746686e-09,1.505307e-07,残差判据满足
情形1 对角占优(2D Laplacian),ILU(0),True,8,2.388667e-09,5.329545e-08,残差判据满足
情形2 接近奇异(eps=1e-6),无预处理,False,500,3.084361e-02,4.354934e-03,达到最大迭代 500 次仍未收敛
情形2 接近奇异(eps=1e-6),Jacobi,False,500,3.084361e-02,4.354934e-03,达到最大迭代 500 次仍未收敛
情形2 接近奇异(eps=1e-6),ILU(0),True,1,5.653876e-13,7.982936e-14,残差判据满足
情形3 非对称(对流扩散 conv=10),无预处理,True,87,8.801213e-09,1.805968e-07,残差判据满足
情形3 非对称(对流扩散 conv=10),Jacobi,True,87,8.801213e-09,1.805968e-07,残差判据满足
情形3 非对称(对流扩散 conv=10),ILU(0),True,12,9.136707e-09,1.874810e-07,残差判据满足
情形4 初值很差[零初值],无预处理,True,22,8.363907e-09,1.866138e-07,残差判据满足
情形4 初值很差[零初值],Jacobi,True,21,6.746686e-09,1.505307e-07,残差判据满足
情形4 初值很差[零初值],ILU(0),True,8,2.388667e-09,5.329545e-08,残差判据满足
情形4 初值很差[偏置初值1e6*1],无预处理,True,41,5.641576e-09,1.258737e-07,残差判据满足
情形4 初值很差[偏置初值1e6*1],Jacobi,True,38,6.945188e-09,1.549596e-07,残差判据满足
情形4 初值很差[偏置初值1e6*1],ILU(0),True,14,9.735001e-10,2.172053e-08,残差判据满足
情形4 初值很差[高频振荡1e8],无预处理,True,53,5.384145e-09,1.201299e-07,残差判据满足
情形4 初值很差[高频振荡1e8],Jacobi,True,52,7.178660e-09,1.601688e-07,残差判据满足
情形4 初值很差[高频振荡1e8],ILU(0),True,16,3.453175e-09,7.704654e-08,残差判据满足
