case,preconditioner,iteration,relative_residual
diag_dominant,none,0,1.000000e+00
diag_dominant,none,1,2.085846e-01
diag_dominant,none,2,5.358666e-02
diag_dominant,none,3,1.375331e-02
diag_dominant,none,4,3.582755e-03
diag_dominant,none,5,9.614700e-04
diag_dominant,none,6,2.754313e-04
diag_dominant,none,7,8.145052e-05
diag_dominant,none,8,2.562749e-05
diag_dominant,none,9,8.094201e-06
diag_dominant,none,10,2.800290e-06
diag_dominant,none,11,9.011680e-07
diag_dominant,none,12,2.746377e-07
diag_dominant,none,13,7.413117e-08
diag_dominant,none,14,1.936398e-08
diag_dominant,none,15,4.787063e-09
diag_dominant,jacobi,0,1.000000e+00
diag_dominant,jacobi,1,1.514238e-01
diag_dominant,jacobi,2,2.466823e-02
diag_dominant,jacobi,3,4.221073e-03
diag_dominant,jacobi,4,7.060150e-04
diag_dominant,jacobi,5,1.236956e-04
diag_dominant,jacobi,6,2.071071e-05
diag_dominant,jacobi,7,3.835201e-06
diag_dominant,jacobi,8,6.470412e-07
diag_dominant,jacobi,9,1.158529e-07
diag_dominant,jacobi,10,1.946214e-08
diag_dominant,jacobi,11,3.138447e-09
diag_dominant,ilu0,0,1.000000e+00
diag_dominant,ilu0,1,1.468029e-02
diag_dominant,ilu0,2,2.957149e-04
diag_dominant,ilu0,3,6.486780e-06
diag_dominant,ilu0,4,1.452363e-07
diag_dominant,ilu0,5,3.334005e-09
non_symmetric,none,0,1.000000e+00
non_symmetric,none,1,1.751066e-01
non_symmetric,none,2,3.561310e-02
non_symmetric,none,3,6.627761e-03
non_symmetric,none,4,1.199417e-03
non_symmetric,none,5,2.578086e-04
non_symmetric,none,6,4.760853e-05
non_symmetric,none,7,9.982091e-06
non_symmetric,none,8,2.232708e-06
non_symmetric,none,9,4.122543e-07
non_symmetric,none,10,5.571439e-08
non_symmetric,none,11,1.093881e-08
non_symmetric,none,12,2.368735e-09
non_symmetric,jacobi,0,1.000000e+00
non_symmetric,jacobi,1,1.751066e-01
non_symmetric,jacobi,2,3.561310e-02
non_symmetric,jacobi,3,6.627761e-03
non_symmetric,jacobi,4,1.199417e-03
non_symmetric,jacobi,5,2.578086e-04
non_symmetric,jacobi,6,4.760853e-05
non_symmetric,jacobi,7,9.982091e-06
non_symmetric,jacobi,8,2.232708e-06
non_symmetric,jacobi,9,4.122543e-07
non_symmetric,jacobi,10,5.571439e-08
non_symmetric,jacobi,11,1.093881e-08
non_symmetric,jacobi,12,2.368735e-09
non_symmetric,ilu0,0,1.000000e+00
non_symmetric,ilu0,1,2.012983e-02
non_symmetric,ilu0,2,4.360341e-04
non_symmetric,ilu0,3,1.469671e-05
non_symmetric,ilu0,4,3.463186e-07
non_symmetric,ilu0,5,8.098722e-09
near_singular,none,0,1.000000e+00
near_singular,none,1,2.741437e-01
near_singular,none,2,9.587459e-02
near_singular,none,3,4.501165e-02
near_singular,none,4,2.519802e-02
near_singular,none,5,1.567235e-02
near_singular,none,6,1.046032e-02
near_singular,none,7,7.262489e-03
near_singular,none,8,5.272804e-03
near_singular,none,9,3.863750e-03
near_singular,none,10,2.914946e-03
near_singular,none,11,2.300373e-03
near_singular,none,12,1.843967e-03
near_singular,none,13,1.554350e-03
near_singular,none,14,1.311822e-03
near_singular,none,15,1.108617e-03
near_singular,none,16,9.476264e-04
near_singular,none,17,8.130425e-04
near_singular,none,18,6.981294e-04
near_singular,none,19,6.054451e-04
near_singular,none,20,5.167484e-04
near_singular,none,21,4.352384e-04
near_singular,none,22,3.650595e-04
near_singular,none,23,3.112609e-04
near_singular,none,24,2.684484e-04
near_singular,none,25,2.368898e-04
near_singular,none,26,2.088525e-04
near_singular,none,27,1.891178e-04
near_singular,none,28,1.765984e-04
near_singular,none,29,1.666075e-04
near_singular,none,30,1.575469e-04
near_singular,none,31,1.491272e-04
near_singular,none,32,1.418563e-04
near_singular,none,33,1.355810e-04
near_singular,none,34,1.287793e-04
near_singular,none,35,1.210734e-04
near_singular,none,36,1.134701e-04
near_singular,none,37,1.059805e-04
near_singular,none,38,9.830166e-05
near_singular,none,39,9.049526e-05
near_singular,none,40,8.355976e-05
near_singular,none,41,7.669947e-05
near_singular,none,42,6.931805e-05
near_singular,none,43,6.141174e-05
near_singular,none,44,5.370849e-05
near_singular,none,45,4.735394e-05
near_singular,none,46,4.153746e-05
near_singular,none,47,3.656022e-05
near_singular,none,48,3.283269e-05
near_singular,none,49,2.960970e-05
near_singular,none,50,2.649053e-05
near_singular,none,51,2.493886e-05
near_singular,none,52,2.339508e-05
near_singular,none,53,2.175283e-05
near_singular,none,54,1.988742e-05
near_singular,none,55,1.806966e-05
near_singular,none,56,1.629746e-05
near_singular,none,57,1.454552e-05
near_singular,none,58,1.307729e-05
near_singular,none,59,1.184723e-05
near_singular,none,60,1.080940e-05
near_singular,none,61,9.895446e-06
near_singular,none,62,9.000168e-06
near_singular,none,63,8.175624e-06
near_singular,none,64,7.379851e-06
near_singular,none,65,6.734876e-06
near_singular,none,66,6.210992e-06
near_singular,none,67,5.778597e-06
near_singular,none,68,5.419571e-06
near_singular,none,69,5.098938e-06
near_singular,none,70,4.805288e-06
near_singular,none,71,4.535433e-06
near_singular,none,72,4.285283e-06
near_singular,none,73,4.047696e-06
near_singular,none,74,3.755146e-06
near_singular,none,75,3.412896e-06
near_singular,none,76,3.102662e-06
near_singular,none,77,2.838996e-06
near_singular,none,78,2.618901e-06
near_singular,none,79,2.404302e-06
near_singular,none,80,2.222213e-06
near_singular,none,81,2.067821e-06
near_singular,none,82,1.914481e-06
near_singular,none,83,1.751115e-06
near_singular,none,84,1.578683e-06
near_singular,none,85,1.396575e-06
near_singular,none,86,1.211889e-06
near_singular,none,87,1.030736e-06
near_singular,none,88,8.716344e-07
near_singular,none,89,7.215208e-07
near_singular,none,90,5.864646e-07
near_singular,none,91,4.636255e-07
near_singular,none,92,3.738344e-07
near_singular,none,93,3.109812e-07
near_singular,none,94,2.601532e-07
near_singular,none,95,2.211337e-07
near_singular,none,96,1.915500e-07
near_singular,none,97,1.688202e-07
near_singular,none,98,1.491048e-07
near_singular,none,99,1.298544e-07
near_singular,none,100,1.095206e-07
near_singular,none,101,9.771812e-08
near_singular,none,102,8.652388e-08
near_singular,none,103,7.773137e-08
near_singular,none,104,6.877977e-08
near_singular,none,105,6.002478e-08
near_singular,none,106,5.138433e-08
near_singular,none,107,4.333348e-08
near_singular,none,108,3.608975e-08
near_singular,none,109,2.906498e-08
near_singular,none,110,2.322625e-08
near_singular,none,111,1.895280e-08
near_singular,none,112,1.563343e-08
near_singular,none,113,1.308515e-08
near_singular,none,114,1.089248e-08
near_singular,none,115,9.295926e-09
near_singular,jacobi,0,1.000000e+00
near_singular,jacobi,1,2.741437e-01
near_singular,jacobi,2,9.587459e-02
near_singular,jacobi,3,4.501165e-02
near_singular,jacobi,4,2.519802e-02
near_singular,jacobi,5,1.567235e-02
near_singular,jacobi,6,1.046032e-02
near_singular,jacobi,7,7.262489e-03
near_singular,jacobi,8,5.272804e-03
near_singular,jacobi,9,3.863750e-03
near_singular,jacobi,10,2.914946e-03
near_singular,jacobi,11,2.300373e-03
near_singular,jacobi,12,1.843967e-03
near_singular,jacobi,13,1.554350e-03
near_singular,jacobi,14,1.311822e-03
near_singular,jacobi,15,1.108617e-03
near_singular,jacobi,16,9.476264e-04
near_singular,jacobi,17,8.130425e-04
near_singular,jacobi,18,6.981294e-04
near_singular,jacobi,19,6.054451e-04
near_singular,jacobi,20,5.167484e-04
near_singular,jacobi,21,4.352384e-04
near_singular,jacobi,22,3.650595e-04
near_singular,jacobi,23,3.112609e-04
near_singular,jacobi,24,2.684484e-04
near_singular,jacobi,25,2.368898e-04
near_singular,jacobi,26,2.088525e-04
near_singular,jacobi,27,1.891178e-04
near_singular,jacobi,28,1.765984e-04
near_singular,jacobi,29,1.666075e-04
near_singular,jacobi,30,1.575469e-04
near_singular,jacobi,31,1.491272e-04
near_singular,jacobi,32,1.418563e-04
near_singular,jacobi,33,1.355810e-04
near_singular,jacobi,34,1.287793e-04
near_singular,jacobi,35,1.210734e-04
near_singular,jacobi,36,1.134701e-04
near_singular,jacobi,37,1.059805e-04
near_singular,jacobi,38,9.830166e-05
near_singular,jacobi,39,9.049526e-05
near_singular,jacobi,40,8.355976e-05
near_singular,jacobi,41,7.669947e-05
near_singular,jacobi,42,6.931805e-05
near_singular,jacobi,43,6.141174e-05
near_singular,jacobi,44,5.370849e-05
near_singular,jacobi,45,4.735394e-05
near_singular,jacobi,46,4.153746e-05
near_singular,jacobi,47,3.656022e-05
near_singular,jacobi,48,3.283269e-05
near_singular,jacobi,49,2.960970e-05
near_singular,jacobi,50,2.649053e-05
near_singular,jacobi,51,2.493886e-05
near_singular,jacobi,52,2.339508e-05
near_singular,jacobi,53,2.175283e-05
near_singular,jacobi,54,1.988742e-05
near_singular,jacobi,55,1.806966e-05
near_singular,jacobi,56,1.629746e-05
near_singular,jacobi,57,1.454552e-05
near_singular,jacobi,58,1.307729e-05
near_singular,jacobi,59,1.184723e-05
near_singular,jacobi,60,1.080940e-05
near_singular,jacobi,61,9.895446e-06
near_singular,jacobi,62,9.000168e-06
near_singular,jacobi,63,8.175624e-06
near_singular,jacobi,64,7.379851e-06
near_singular,jacobi,65,6.734876e-06
near_singular,jacobi,66,6.210992e-06
near_singular,jacobi,67,5.778597e-06
near_singular,jacobi,68,5.419571e-06
near_singular,jacobi,69,5.098938e-06
near_singular,jacobi,70,4.805288e-06
near_singular,jacobi,71,4.535433e-06
near_singular,jacobi,72,4.285283e-06
near_singular,jacobi,73,4.047696e-06
near_singular,jacobi,74,3.755146e-06
near_singular,jacobi,75,3.412896e-06
near_singular,jacobi,76,3.102662e-06
near_singular,jacobi,77,2.838996e-06
near_singular,jacobi,78,2.618901e-06
near_singular,jacobi,79,2.404302e-06
near_singular,jacobi,80,2.222213e-06
near_singular,jacobi,81,2.067821e-06
near_singular,jacobi,82,1.914481e-06
near_singular,jacobi,83,1.751115e-06
near_singular,jacobi,84,1.578683e-06
near_singular,jacobi,85,1.396575e-06
near_singular,jacobi,86,1.211889e-06
near_singular,jacobi,87,1.030736e-06
near_singular,jacobi,88,8.716344e-07
near_singular,jacobi,89,7.215208e-07
near_singular,jacobi,90,5.864646e-07
near_singular,jacobi,91,4.636255e-07
near_singular,jacobi,92,3.738344e-07
near_singular,jacobi,93,3.109812e-07
near_singular,jacobi,94,2.601532e-07
near_singular,jacobi,95,2.211337e-07
near_singular,jacobi,96,1.915500e-07
near_singular,jacobi,97,1.688202e-07
near_singular,jacobi,98,1.491048e-07
near_singular,jacobi,99,1.298544e-07
near_singular,jacobi,100,1.095206e-07
near_singular,jacobi,101,9.771812e-08
near_singular,jacobi,102,8.652388e-08
near_singular,jacobi,103,7.773137e-08
near_singular,jacobi,104,6.877977e-08
near_singular,jacobi,105,6.002478e-08
near_singular,jacobi,106,5.138433e-08
near_singular,jacobi,107,4.333348e-08
near_singular,jacobi,108,3.608975e-08
near_singular,jacobi,109,2.906498e-08
near_singular,jacobi,110,2.322625e-08
near_singular,jacobi,111,1.895280e-08
near_singular,jacobi,112,1.563343e-08
near_singular,jacobi,113,1.308515e-08
near_singular,jacobi,114,1.089248e-08
near_singular,jacobi,115,9.295926e-09
near_singular,ilu0,0,1.000000e+00
near_singular,ilu0,1,8.945156e-02
near_singular,ilu0,2,1.020406e-02
near_singular,ilu0,3,3.216784e-03
near_singular,ilu0,4,1.435702e-03
near_singular,ilu0,5,8.542078e-04
near_singular,ilu0,6,5.199074e-04
near_singular,ilu0,7,3.067287e-04
near_singular,ilu0,8,1.956318e-04
near_singular,ilu0,9,1.515631e-04
near_singular,ilu0,10,1.302823e-04
near_singular,ilu0,11,1.069061e-04
near_singular,ilu0,12,8.194845e-05
near_singular,ilu0,13,5.760383e-05
near_singular,ilu0,14,3.804642e-05
near_singular,ilu0,15,2.532528e-05
near_singular,ilu0,16,1.733265e-05
near_singular,ilu0,17,1.204245e-05
near_singular,ilu0,18,7.215577e-06
near_singular,ilu0,19,4.549866e-06
near_singular,ilu0,20,2.838896e-06
near_singular,ilu0,21,1.667011e-06
near_singular,ilu0,22,9.970343e-07
near_singular,ilu0,23,5.919110e-07
near_singular,ilu0,24,3.199037e-07
near_singular,ilu0,25,1.504104e-07
near_singular,ilu0,26,6.223637e-08
near_singular,ilu0,27,2.167825e-08
near_singular,ilu0,28,9.109227e-09
bad_initial_guess,none,0,1.719196e+06
bad_initial_guess,none,1,3.729405e+05
bad_initial_guess,none,2,9.460579e+04
bad_initial_guess,none,3,2.475853e+04
bad_initial_guess,none,4,7.088128e+03
bad_initial_guess,none,5,2.519195e+03
bad_initial_guess,none,6,8.279565e+02
bad_initial_guess,none,7,2.593882e+02
bad_initial_guess,none,8,7.360987e+01
bad_initial_guess,none,9,2.315942e+01
bad_initial_guess,none,10,6.693886e+00
bad_initial_guess,none,11,1.976150e+00
bad_initial_guess,none,12,5.255914e-01
bad_initial_guess,none,13,1.293837e-01
bad_initial_guess,none,14,3.237476e-02
bad_initial_guess,none,15,7.576537e-03
bad_initial_guess,none,16,1.986339e-03
bad_initial_guess,none,17,5.116255e-04
bad_initial_guess,none,18,1.325563e-04
bad_initial_guess,none,19,3.672829e-05
bad_initial_guess,none,20,9.227034e-06
bad_initial_guess,none,21,2.380564e-06
bad_initial_guess,none,22,6.379184e-07
bad_initial_guess,none,23,1.704864e-07
bad_initial_guess,none,24,4.114190e-08
bad_initial_guess,none,25,1.008346e-08
bad_initial_guess,none,26,2.519866e-09
bad_initial_guess,jacobi,0,1.719196e+06
bad_initial_guess,jacobi,1,2.633413e+05
bad_initial_guess,jacobi,2,4.515420e+04
bad_initial_guess,jacobi,3,8.190596e+03
bad_initial_guess,jacobi,4,1.329800e+03
bad_initial_guess,jacobi,5,2.345187e+02
bad_initial_guess,jacobi,6,4.356736e+01
bad_initial_guess,jacobi,7,7.536076e+00
bad_initial_guess,jacobi,8,1.261424e+00
bad_initial_guess,jacobi,9,2.057848e-01
bad_initial_guess,jacobi,10,3.862478e-02
bad_initial_guess,jacobi,11,6.734278e-03
bad_initial_guess,jacobi,12,1.106256e-03
bad_initial_guess,jacobi,13,1.831138e-04
bad_initial_guess,jacobi,14,3.407238e-05
bad_initial_guess,jacobi,15,6.145822e-06
bad_initial_guess,jacobi,16,1.027659e-06
bad_initial_guess,jacobi,17,1.782308e-07
bad_initial_guess,jacobi,18,2.923351e-08
bad_initial_guess,jacobi,19,5.211179e-09
bad_initial_guess,ilu0,0,1.719196e+06
bad_initial_guess,ilu0,1,2.988341e+04
bad_initial_guess,ilu0,2,7.186079e+02
bad_initial_guess,ilu0,3,1.846017e+01
bad_initial_guess,ilu0,4,4.265939e-01
bad_initial_guess,ilu0,5,8.901531e-03
bad_initial_guess,ilu0,6,1.850828e-04
bad_initial_guess,ilu0,7,4.303912e-06
bad_initial_guess,ilu0,8,9.583411e-08
bad_initial_guess,ilu0,9,1.971990e-09
