record_index,零初值|无预处理,零初值|Jacobi,零初值|ILU(0),偏置初值1e6*1|无预处理,偏置初值1e6*1|Jacobi,偏置初值1e6*1|ILU(0),高频振荡1e8|无预处理,高频振荡1e8|Jacobi,高频振荡1e8|ILU(0)
0,1.000000e+00,1.000000e+00,1.000000e+00,1.469158e+06,1.469158e+06,1.469158e+06,1.730224e+08,1.730224e+08,1.730224e+08
1,5.283957e-01,4.762084e-01,1.058895e-01,7.567890e+05,6.742450e+05,1.519482e+05,6.196159e+07,3.908724e+07,5.376368e+06
2,3.161662e-01,2.564724e-01,8.145601e-03,4.417444e+05,3.603738e+05,1.290162e+04,2.518749e+07,1.435963e+07,3.252864e+05
3,1.156692e-01,8.246877e-02,5.907046e-04,1.697151e+05,1.301215e+05,1.017275e+03,8.217293e+06,4.508501e+06,2.313217e+04
4,4.486582e-02,3.492106e-02,5.689145e-05,7.534350e+04,5.840852e+04,9.417658e+01,2.860012e+06,1.607233e+06,1.822319e+03
5,2.098039e-02,1.598640e-02,4.151691e-06,3.557320e+04,2.547833e+04,8.252034e+00,1.131128e+06,6.289351e+05,1.557060e+02
6,9.553239e-03,6.396649e-03,3.304562e-07,1.520529e+04,1.043692e+04,5.980385e-01,4.182131e+05,2.125554e+05,1.307932e+01
7,4.242537e-03,2.930159e-03,2.699453e-08,6.977750e+03,4.790458e+03,5.233920e-02,1.714486e+05,8.445282e+04,1.230500e+00
8,2.049071e-03,1.272625e-03,2.388667e-09,3.361787e+03,2.146106e+03,4.766843e-03,6.737236e+04,3.743268e+04,1.059939e-01
9,8.539147e-04,5.334255e-04,,1.482347e+03,9.291444e+02,2.918145e-04,2.845466e+04,1.512327e+04,1.075122e-02
10,4.039968e-04,2.391318e-04,,7.043864e+02,3.955897e+02,1.714039e-05,1.247360e+04,6.110916e+03,1.063157e-03
11,1.823980e-04,8.726152e-05,,3.092394e+02,1.389993e+02,1.443187e-06,6.011440e+03,2.577158e+03,9.376803e-05
12,7.045915e-05,3.224751e-05,,1.180950e+02,5.384262e+01,1.197099e-07,2.605193e+03,1.135661e+03,7.617503e-06
13,2.926848e-05,8.193118e-06,,5.117819e+01,1.907445e+01,1.035210e-08,1.198035e+03,4.930587e+02,6.188986e-07
14,1.001890e-05,2.275268e-06,,1.959167e+01,8.483264e+00,7.439059e-10,5.345313e+02,2.147270e+02,4.987121e-08
15,3.320294e-06,1.009336e-06,,8.462661e+00,3.012765e+00,,2.511560e+02,9.336760e+01,7.507420e-09
16,1.154453e-06,4.566856e-07,,3.645971e+00,1.156712e+00,,1.171973e+02,4.060018e+01,3.453175e-09
17,4.365459e-07,2.073264e-07,,1.560768e+00,5.166440e-01,,5.308981e+01,1.747343e+01,
18,2.150284e-07,8.220960e-08,,6.652171e-01,2.084971e-01,,2.538647e+01,7.947480e+00,
19,1.052089e-07,3.661356e-08,,3.132179e-01,8.381370e-02,,1.124327e+01,4.109725e+00,
20,4.517586e-08,1.593424e-08,,1.425589e-01,3.568610e-02,,4.938411e+00,1.864020e+00,
21,1.787100e-08,6.746686e-09,,5.798803e-02,1.628873e-02,,2.308566e+00,7.705947e-01,
22,8.363907e-09,,,2.749017e-02,6.841470e-03,,1.130256e+00,3.244873e-01,
23,,,,1.240751e-02,3.168745e-03,,4.999900e-01,1.396512e-01,
24,,,,5.944187e-03,1.222169e-03,,2.214600e-01,5.813914e-02,
25,,,,2.346557e-03,4.296685e-04,,9.913722e-02,2.528556e-02,
26,,,,9.450193e-04,1.833347e-04,,4.096148e-02,1.198866e-02,
27,,,,4.213204e-04,8.072275e-05,,1.875889e-02,6.052112e-03,
28,,,,1.847737e-04,3.040593e-05,,8.774612e-03,2.565413e-03,
29,,,,8.060813e-05,1.358752e-05,,4.247405e-03,9.955907e-04,
30,,,,3.769642e-05,6.399425e-06,,2.201124e-03,3.897256e-04,
31,,,,1.669916e-05,2.710966e-06,,1.096783e-03,1.627436e-04,
32,,,,7.168964e-06,1.036617e-06,,4.994081e-04,6.330487e-05,
33,,,,3.162221e-06,3.911721e-07,,1.995889e-04,2.497895e-05,
34,,,,1.535304e-06,1.661803e-07,,8.380410e-05,1.129988e-05,
35,,,,6.659220e-07,6.997805e-08,,3.698879e-05,4.880259e-06,
36,,,,2.560659e-07,2.869313e-08,,1.660235e-05,1.937603e-06,
37,,,,1.077521e-07,1.424183e-08,,7.175173e-06,7.121823e-07,
38,,,,5.020065e-08,6.858201e-09,,3.062720e-06,3.098062e-07,
39,,,,2.216275e-08,,,1.372011e-06,1.405665e-07,
40,,,,1.003231e-08,,,6.301786e-07,6.158640e-08,
41,,,,5.001344e-09,,,2.695258e-07,2.849304e-08,
42,,,,,,,1.174459e-07,1.749402e-08,
43,,,,,,,5.571280e-08,1.488661e-08,
44,,,,,,,3.176878e-08,1.439529e-08,
45,,,,,,,2.322791e-08,1.430769e-08,
46,,,,,,,2.038806e-08,1.428906e-08,
47,,,,,,,1.984132e-08,1.428619e-08,
48,,,,,,,1.973130e-08,1.428578e-08,
49,,,,,,,1.970773e-08,1.428572e-08,
50,,,,,,,1.970397e-08,1.428571e-08,
51,,,,,,,1.594201e-07,8.721371e-08,
52,,,,,,,4.402825e-08,2.090807e-08,
53,,,,,,,1.402659e-08,7.178660e-09,
54,,,,,,,5.384145e-09,,
