record_index,无预处理,Jacobi,ILU(0)
0,1.000000e+00,1.000000e+00,1.000000e+00
1,9.374476e-01,9.374476e-01,2.729181e-01
2,7.184161e-01,7.184161e-01,7.519848e-02
3,6.643443e-01,6.643443e-01,2.433795e-02
4,5.853851e-01,5.853851e-01,5.586150e-03
5,5.461073e-01,5.461073e-01,1.208357e-03
6,5.041875e-01,5.041875e-01,2.735231e-04
7,4.757449e-01,4.757449e-01,5.462308e-05
8,4.493456e-01,4.493456e-01,9.845852e-06
9,4.264551e-01,4.264551e-01,1.988756e-06
10,4.093035e-01,4.093035e-01,3.830024e-07
11,3.896688e-01,3.896688e-01,5.364990e-08
12,3.774115e-01,3.774115e-01,9.136707e-09
13,3.593070e-01,3.593070e-01,
14,3.474137e-01,3.474137e-01,
15,3.268914e-01,3.268914e-01,
16,3.071152e-01,3.071152e-01,
17,2.839365e-01,2.839365e-01,
18,2.559877e-01,2.559877e-01,
19,2.292358e-01,2.292358e-01,
20,1.943555e-01,1.943555e-01,
21,1.558103e-01,1.558103e-01,
22,1.164631e-01,1.164631e-01,
23,8.205859e-02,8.205859e-02,
24,5.585496e-02,5.585496e-02,
25,3.715742e-02,3.715742e-02,
26,2.453826e-02,2.453826e-02,
27,1.611191e-02,1.611191e-02,
28,1.050498e-02,1.050498e-02,
29,6.848851e-03,6.848851e-03,
30,4.457871e-03,4.457871e-03,
31,2.892194e-03,2.892194e-03,
32,1.889907e-03,1.889907e-03,
33,1.237891e-03,1.237891e-03,
34,8.104225e-04,8.104225e-04,
35,5.410677e-04,5.410677e-04,
36,3.575523e-04,3.575523e-04,
37,2.457187e-04,2.457187e-04,
38,1.651450e-04,1.651450e-04,
39,1.192594e-04,1.192594e-04,
40,8.319875e-05,8.319875e-05,
41,6.556976e-05,6.556976e-05,
42,4.995042e-05,4.995042e-05,
43,4.297599e-05,4.297599e-05,
44,3.681607e-05,3.681607e-05,
45,3.316443e-05,3.316443e-05,
46,2.984446e-05,2.984446e-05,
47,2.720914e-05,2.720914e-05,
48,2.477871e-05,2.477871e-05,
49,2.260336e-05,2.260336e-05,
50,2.075162e-05,2.075162e-05,
51,2.075162e-05,2.075162e-05,
52,1.971434e-05,1.971434e-05,
53,1.777900e-05,1.777900e-05,
54,1.660999e-05,1.660999e-05,
55,1.511972e-05,1.511972e-05,
56,1.393883e-05,1.393883e-05,
57,1.271468e-05,1.271468e-05,
58,1.159596e-05,1.159596e-05,
59,1.064151e-05,1.064151e-05,
60,9.707598e-06,9.707598e-06,
61,8.873144e-06,8.873144e-06,
62,7.953453e-06,7.953453e-06,
63,7.066783e-06,7.066783e-06,
64,6.027628e-06,6.027628e-06,
65,4.931174e-06,4.931174e-06,
66,3.952003e-06,3.952003e-06,
67,3.036924e-06,3.036924e-06,
68,2.346239e-06,2.346239e-06,
69,1.756741e-06,1.756741e-06,
70,1.301913e-06,1.301913e-06,
71,9.930371e-07,9.930371e-07,
72,7.219543e-07,7.219543e-07,
73,5.608070e-07,5.608070e-07,
74,4.273066e-07,4.273066e-07,
75,3.283130e-07,3.283130e-07,
76,2.526517e-07,2.526517e-07,
77,1.891615e-07,1.891615e-07,
78,1.424952e-07,1.424952e-07,
79,1.066910e-07,1.066910e-07,
80,8.073939e-08,8.073939e-08,
81,6.104698e-08,6.104698e-08,
82,4.636929e-08,4.636929e-08,
83,3.465165e-08,3.465165e-08,
84,2.584544e-08,2.584544e-08,
85,1.910762e-08,1.910762e-08,
86,1.443939e-08,1.443939e-08,
87,1.095906e-08,1.095906e-08,
88,8.801213e-09,8.801213e-09,
